Workbook
Name Slicer_Department_Name: #N/A
Name Slicer_Year: #N/A

Sheet Admissions
A1: Admission_ID | B1: Patient_ID | C1: Patient_Name | D1: Gender | E1: DOB | F1: Department | G1: Doctor_Name | H1: Admission_Date | I1: Discharge_Date | J1: LOS | K1: Total_Cost | L1: Readmitted | M1: Diagnosis_Code | N1: Insurance_Type | O1: Date Validity | P1: Cost Per Day | Q1: Cost Outlier | R1: Day Name | S1: Day Type | T1: Cost_Benchmark | U1: Above Benchmark | V1: Patients Age | W1: Age-group
A2: 14056 | B2: 3896 | C2: Helen Mutua | D2: Female | E2: 34733 | F2: Emergency | G2: Dr. Otieno | H2: 45206 | I2: 45208 | J2: 2 | K2: 4029 | L2: No | M2: S72 | N2: Public | O2: Valid | P2: 2014.5 | Q2: Ok | R2: Sat | S2: Weekend | T2: =VLOOKUP(Admissions[[#This Row],[Department]],Departments!A:E,5,FALSE) -> 5500 | U2: =IF(K2>T2,"Above Benchmark","Within Benchmark") -> Within Benchmark | V2: =INT(YEARFRAC(E2,TODAY())) -> 31 | W2: =_xlfn.IFS(Admissions[[#This Row],[Patients Age]]<18,"Paediatric",V2<40,"Young Adult",V2<65,"Adult",TRUE,"Senior") -> Young Adult
A3: 13383 | B3: 4990 | C3: Henry Adhiambo | D3: Female | E3: 26879 | F3: Oncology | G3: Dr. Osei | H3: 45327 | I3: 45335 | J3: 8 | K3: 28558 | L3: No | M3: C50 | N3: Uninsured | O3: Valid | P3: 3569.75 | Q3: Ok | R3: Mon | S3: Weekday | T3: =VLOOKUP(Admissions[[#This Row],[Department]],Departments!A:E,5,FALSE) -> 12000 | U3: =IF(K3>T3,"Above Benchmark","Within Benchmark") -> Above Benchmark | V3: =INT(YEARFRAC(E3,TODAY())) -> 52 | W3: =_xlfn.IFS(Admissions[[#This Row],[Patients Age]]<18,"Paediatric",V3<40,"Young Adult",V3<65,"Adult",TRUE,"Senior") -> Adult
A4: 11243 | B4: 3768 | C4: Mark Mwangi | D4: Female | E4: 11931 | F4: Surgery | G4: Dr. Muthoni | H4: 45246 | I4: 45252 | J4: 6 | K4: 17181 | L4: No | M4: C34 | N4: Public | O4: Valid | P4: 2863.5 | Q4: Ok | R4: Thu | S4: Weekday | T4: =VLOOKUP(Admissions[[#This Row],[Department]],Departments!A:E,5,FALSE) -> 9000 | U4: =IF(K4>T4,"Above Benchmark","Within Benchmark") -> Above Benchmark | V4: =INT(YEARFRAC(E4,TODAY())) -> 93 | W4: =_xlfn.IFS(Admissions[[#This Row],[Patients Age]]<18,"Paediatric",V4<40,"Young Adult",V4<65,"Adult",TRUE,"Senior") -> Senior
A5: 12638 | B5: 3202 | C5: Mark Githinji | D5: Female | E5: 41057 | F5: Pediatrics | G5: Dr. Korir | H5: 45305 | I5: 45308 | J5: 3 | K5: 3846 | L5: No | M5: Z38 | N5: Private | O5: Valid | P5: 1282 | Q5: Ok | R5: Sun | S5: Weekend | T5: =VLOOKUP(Admissions[[#This Row],[Department]],Departments!A:E,5,FALSE) -> 4500 | U5: =IF(K5>T5,"Above Benchmark","Within Benchmark") -> Within Benchmark | V5: =INT(YEARFRAC(E5,TODAY())) -> 14 | W5: =_xlfn.IFS(Admissions[[#This Row],[Patients Age]]<18,"Paediatric",V5<40,"Young Adult",V5<65,"Adult",TRUE,"Senior") -> Paediatric
A6: 10633 | B6: 5267 | C6: Helen Njenga | D6: Female | E6: 12772 | F6: Cardiology | G6: Dr. Patel | H6: 45606 | I6: 45612 | J6: 6 | K6: 13125 | L6: No | M6: I10 | N6: Private | O6: Valid | P6: 2187.5 | Q6: Ok | R6: Sun | S6: Weekend | T6: =VLOOKUP(Admissions[[#This Row],[Department]],Departments!A:E,5,FALSE) -> 8500 | U6: =IF(K6>T6,"Above Benchmark","Within Benchmark") -> Above Benchmark | V6: =INT(YEARFRAC(E6,TODAY())) -> 91 | W6: =_xlfn.IFS(Admissions[[#This Row],[Patients Age]]<18,"Paediatric",V6<40,"Young Adult",V6<65,"Adult",TRUE,"Senior") -> Senior
A7: 12614 | B7: 4502 | C7: Aisha Wairimu | D7: Female | E7: 11912 | F7: Surgery | G7: Dr. Chen | H7: 45153 | I7: 45163 | J7: 10 | K7: 21812 | L7: No | M7: S72 | N7: Public | O7: Valid | P7: 2181.2 | Q7: Ok | R7: Tue | S7: Weekday | T7: =VLOOKUP(Admissions[[#This Row],[Department]],Departments!A:E,5,FALSE) -> 9000 | U7: =IF(K7>T7,"Above Benchmark","Within Benchmark") -> Above Benchmark | V7: =INT(YEARFRAC(E7,TODAY())) -> 93 | W7: =_xlfn.IFS(Admissions[[#This Row],[Patients Age]]<18,"Paediatric",V7<40,"Young Adult",V7<65,"Adult",TRUE,"Senior") -> Senior
A8: 12708 | B8: 4444 | C8: Anthony Njenga | D8: Female | E8: 28771 | F8: Neurology | G8: Dr. Andersen | H8: 45624 | I8: 45632 | J8: 8 | K8: 14181 | L8: No | M8: G20 | N8: Private | O8: Valid | P8: 1772.625 | Q8: Ok | R8: Thu | S8: Weekday | T8: =VLOOKUP(Admissions[[#This Row],[Department]],Departments!A:E,5,FALSE) -> 7200 | U8: =IF(K8>T8,"Above Benchmark","Within Benchmark") -> Above Benchmark | V8: =INT(YEARFRAC(E8,TODAY())) -> 47 | W8: =_xlfn.IFS(Admissions[[#This Row],[Patients Age]]<18,"Paediatric",V8<40,"Young Adult",V8<65,"Adult",TRUE,"Senior") -> Adult
A9: 11263 | B9: 5471 | C9: Paul Njenga | D9: Female | E9: 18150 | F9: Oncology | G9: Dr. Osei | H9: 45522 | I9: 45534 | J9: 12 | K9: 0 | L9: No | M9: C50 | N9: Public | O9: Valid | P9: 0 | Q9: Flag | R9: Sun | S9: Weekend | T9: =VLOOKUP(Admissions[[#This Row],[Department]],Departments!A:E,5,FALSE) -> 12000 | U9: =IF(K9>T9,"Above Benchmark","Within Benchmark") -> Within Benchmark | V9: =INT(YEARFRAC(E9,TODAY())) -> 76 | W9: =_xlfn.IFS(Admissions[[#This Row],[Patients Age]]<18,"Paediatric",V9<40,"Young Adult",V9<65,"Adult",TRUE,"Senior") -> Senior
A10: 12099 | B10: 3743 | C10: William Mugo | D10: Female | E10: 43879 | F10: Pediatrics | G10: Dr. Korir | H10: 44930 | I10: 44933 | J10: 3 | K10: 2764 | L10: No | M10: A09 | N10: Private | O10: Valid | P10: 921.3333 | Q10: Ok | R10: Wed | S10: Weekday | T10: =VLOOKUP(Admissions[[#This Row],[Department]],Departments!A:E,5,FALSE) -> 4500 | U10: =IF(K10>T10,"Above Benchmark","Within Benchmark") -> Within Benchmark | V10: =INT(YEARFRAC(E10,TODAY())) -> 6 | W10: =_xlfn.IFS(Admissions[[#This Row],[Patients Age]]<18,"Paediatric",V10<40,"Young Adult",V10<65,"Adult",TRUE,"Senior") -> Paediatric
A11: 11552 | B11: 5884 | C11: Anthony Oduya | D11: Female | E11: 17985 | F11: Emergency | G11: Dr. Hassan | H11: 45576 | I11: 45579 | J11: 3 | K11: 7055 | L11: No | M11: R51 | N11: Public | O11: Valid | P11: 2351.6667 | Q11: Ok | R11: Fri | S11: Weekday | T11: =VLOOKUP(Admissions[[#This Row],[Department]],Departments!A:E,5,FALSE) -> 5500 | U11: =IF(K11>T11,"Above Benchmark","Within Benchmark") -> Above Benchmark | V11: =INT(YEARFRAC(E11,TODAY())) -> 77 | W11: =_xlfn.IFS(Admissions[[#This Row],[Patients Age]]<18,"Paediatric",V11<40,"Young Adult",V11<65,"Adult",TRUE,"Senior") -> Senior
A12: 11101 | B12: 3817 | C12: John Odhiambo | D12: Female | E12: 18083 | F12: Orthopedics | G12: Dr. Svensson | H12: 44939 | I12: 44947 | J12: 8 | K12: 10789 | L12: No | M12: M54 | N12: Private | O12: Valid | P12: 1348.625 | Q12: Ok | R12: Fri | S12: Weekday | T12: =VLOOKUP(Admissions[[#This Row],[Department]],Departments!A:E,5,FALSE) -> 6800 | U12: =IF(K12>T12,"Above Benchmark","Within Benchmark") -> Above Benchmark | V12: =INT(YEARFRAC(E12,TODAY())) -> 77 | W12: =_xlfn.IFS(Admissions[[#This Row],[Patients Age]]<18,"Paediatric",V12<40,"Young Adult",V12<65,"Adult",TRUE,"Senior") -> Senior
A13: 13829 | B13: 6591 | C13: Betty Achieng | D13: Female | E13: 11422 | F13: Emergency | G13: Dr. Hassan | H13: 45097 | I13: 45100 | J13: 3 | K13: 5765 | L13: No | M13: DX202 | N13: Private | O13: Valid | P13: 1921.6667 | Q13: Ok | R13: Tue | S13: Weekday | T13: =VLOOKUP(Admissions[[#This Row],[Department]],Departments!A:E,5,FALSE) -> 5500 | U13: =IF(K13>T13,"Above Benchmark","Within Benchmark") -> Above Benchmark | V13: =INT(YEARFRAC(E13,TODAY())) -> 95 | W13: =_xlfn.IFS(Admissions[[#This Row],[Patients Age]]<18,"Paediatric",V13<40,"Young Adult",V13<65,"Adult",TRUE,"Senior") -> Senior
... A37: 15153 | B37: 6581 | C37: Jessica Mwangi | D37: Female | E37: 27427 | F37: Orthopedics | G37: Dr. Svensson | H37: 45590 | I37: 45597 | J37: 7 | K37: 9025 | L37: No | M37: S72 | N37: Public | O37: Valid | P37: 1289.2857 | Q37: Ok | R37: Fri | S37: Weekday | T37: =VLOOKUP(Admissions[[#This Row],[Department]],Departments!A:E,5,FALSE) -> 6800 | U37: =IF(K37>T37,"Above Benchmark","Within Benchmark") -> Above Benchmark | V37: =INT(YEARFRAC(E37,TODAY())) -> 51 | W37: =_xlfn.IFS(Admissions[[#This Row],[Patients Age]]<18,"Paediatric",V37<40,"Young Adult",V37<65,"Adult",TRUE,"Senior") -> Adult
A38: 10497 | B38: Missing | C38: Barbara Gakuru | D38: Male | E38: 21439 | F38: Cardiology | G38: Dr. Patel | H38: 45555 | I38: 45559 | J38: 4 | K38: 11899 | L38: No | M38: I10 | N38: Private | O38: Valid | P38: 2974.75 | Q38: Ok | R38: Fri | S38: Weekday | T38: =VLOOKUP(Admissions[[#This Row],[Department]],Departments!A:E,5,FALSE) -> 8500 | U38: =IF(K38>T38,"Above Benchmark","Within Benchmark") -> Above Benchmark | V38: =INT(YEARFRAC(E38,TODAY())) -> 67 | W38: =_xlfn.IFS(Admissions[[#This Row],[Patients Age]]<18,"Paediatric",V38<40,"Young Adult",V38<65,"Adult",TRUE,"Senior") -> Senior
A39: 13221 | B39: 3732 | C39: Richard Juma | D39: Female | E39: 25381 | F39: Emergency | G39: Dr. Hassan | H39: 45646 | I39: 45649 | J39: 3 | K39: 6344 | L39: No | M39: A09 | N39: Public | O39: Valid | P39: 2114.6667 | Q39: Ok | R39: Fri | S39: Weekday | T39: =VLOOKUP(Admissions[[#This Row],[Department]],Departments!A:E,5,FALSE) -> 5500 | U39: =IF(K39>T39,"Above Benchmark","Within Benchmark") -> Above Benchmark | V39: =INT(YEARFRAC(E39,TODAY())) -> 57 | W39: =_xlfn.IFS(Admissions[[#This Row],[Patients Age]]<18,"Paediatric",V39<40,"Young Adult",V39<65,"Adult",TRUE,"Senior") -> Adult
A40: 13794 | B40: 7173 | C40: Joseph Wambua | D40: Male | E40: 36888 | F40: Emergency | G40: Dr. Hassan | H40: 45351 | I40: 45353 | J40: 2 | K40: 7262 | L40: No | M40: S72 | N40: Private | O40: Valid | P40: 3631 | Q40: Ok | R40: Thu | S40: Weekday | T40: =VLOOKUP(Admissions[[#This Row],[Department]],Departments!A:E,5,FALSE) -> 5500 | U40: =IF(K40>T40,"Above Benchmark","Within Benchmark") -> Above Benchmark | V40: =INT(YEARFRAC(E40,TODAY())) -> 25 | W40: =_xlfn.IFS(Admissions[[#This Row],[Patients Age]]<18,"Paediatric",V40<40,"Young Adult",V40<65,"Adult",TRUE,"Senior") -> Young Adult
A41: 10019 | B41: 6780 | C41: Fatuma Mwangi | D41: Female | E41: 24505 | F41: Neurology | G41: Dr. Andersen | H41: 45149 | I41: 45155 | J41: 6 | K41: 10172 | L41: No | M41: I63 | N41: Private | O41: Valid | P41: 1695.3333 | Q41: Ok | R41: Fri | S41: Weekday | T41: =VLOOKUP(Admissions[[#This Row],[Department]],Departments!A:E,5,FALSE) -> 7200 | U41: =IF(K41>T41,"Above Benchmark","Within Benchmark") -> Above Benchmark | V41: =INT(YEARFRAC(E41,TODAY())) -> 59 | W41: =_xlfn.IFS(Admissions[[#This Row],[Patients Age]]<18,"Paediatric",V41<40,"Young Adult",V41<65,"Adult",TRUE,"Senior") -> Adult
A42: 11378 | B42: 3871 | C42: Steven Kamau | D42: Female | E42: 14412 | F42: Emergency | G42: Dr. Hassan | H42: 45481 | I42: 45482 | J42: 1 | K42: 3777 | L42: No | M42: R51 | N42: Private | O42: Valid | P42: 3777 | Q42: Ok | R42: Mon | S42: Weekday | T42: =VLOOKUP(Admissions[[#This Row],[Department]],Departments!A:E,5,FALSE) -> 5500 | U42: =IF(K42>T42,"Above Benchmark","Within Benchmark") -> Within Benchmark | V42: =INT(YEARFRAC(E42,TODAY())) -> 87 | W42: =_xlfn.IFS(Admissions[[#This Row],[Patients Age]]<18,"Paediatric",V42<40,"Young Adult",V42<65,"Adult",TRUE,"Senior") -> Senior
A43: 15760 | B43: 6071 | C43: Mark Adhiambo | D43: Male | E43: 17457 | F43: Cardiology | G43: Dr. Kimani | H43: 45057 | I43: 45066 | J43: 9 | K43: 22599 | L43: No | M43: I21 | N43: Private | O43: Valid | P43: 2511 | Q43: Ok | R43: Thu | S43: Weekday | T43: =VLOOKUP(Admissions[[#This Row],[Department]],Departments!A:E,5,FALSE) -> 8500 | U43: =IF(K43>T43,"Above Benchmark","Within Benchmark") -> Above Benchmark | V43: =INT(YEARFRAC(E43,TODAY())) -> 78 | W43: =_xlfn.IFS(Admissions[[#This Row],[Patients Age]]<18,"Paediatric",V43<40,"Young Adult",V43<65,"Adult",TRUE,"Senior") -> Senior
A44: 14143 | B44: 6517 | C44: Patricia Korir | D44: Female | E44: 27071 | F44: Surgery | G44: Dr. Chen | H44: 45304 | I44: 45312 | J44: 8 | K44: 15693 | L44: No | M44: K35 | N44: Public | O44: Valid | P44: 1961.625 | Q44: Ok | R44: Sat | S44: Weekend | T44: =VLOOKUP(Admissions[[#This Row],[Department]],Departments!A:E,5,FALSE) -> 9000 | U44: =IF(K44>T44,"Above Benchmark","Within Benchmark") -> Above Benchmark | V44: =INT(YEARFRAC(E44,TODAY())) -> 52 | W44: =_xlfn.IFS(Admissions[[#This Row],[Patients Age]]<18,"Paediatric",V44<40,"Young Adult",V44<65,"Adult",TRUE,"Senior") -> Adult
A45: 10470 | B45: 4511 | C45: William Abdi | D45: Female | E45: 27944 | F45: Cardiology | G45: Dr. Kimani | H45: 45429 | I45: 45433 | J45: 4 | K45: 10795 | L45: No | M45: I21 | N45: Private | O45: Valid | P45: 2698.75 | Q45: Ok | R45: Fri | S45: Weekday | T45: =VLOOKUP(Admissions[[#This Row],[Department]],Departments!A:E,5,FALSE) -> 8500 | U45: =IF(K45>T45,"Above Benchmark","Within Benchmark") -> Above Benchmark | V45: =INT(YEARFRAC(E45,TODAY())) -> 50 | W45: =_xlfn.IFS(Admissions[[#This Row],[Patients Age]]<18,"Paediatric",V45<40,"Young Adult",V45<65,"Adult",TRUE,"Senior") -> Adult
A46: 13189 | B46: 4544 | C46: John Gakuru | D46: Male | E46: 22552 | F46: Orthopedics | G46: Dr. Svensson | H46: 45399 | I46: 45407 | J46: 8 | K46: 9676 | L46: No | M46: M17 | N46: Private | O46: Valid | P46: 1209.5 | Q46: Ok | R46: Wed | S46: Weekday | T46: =VLOOKUP(Admissions[[#This Row],[Department]],Departments!A:E,5,FALSE) -> 6800 | U46: =IF(K46>T46,"Above Benchmark","Within Benchmark") -> Above Benchmark | V46: =INT(YEARFRAC(E46,TODAY())) -> 64 | W46: =_xlfn.IFS(Admissions[[#This Row],[Patients Age]]<18,"Paediatric",V46<40,"Young Adult",V46<65,"Adult",TRUE,"Senior") -> Adult
A47: 14120 | B47: 6463 | C47: Karen Lagat | D47: Male | E47: 30670 | F47: Cardiology | G47: Dr. Torres | H47: 45480 | I47: 45482 | J47: 2 | K47: 4902 | L47: No | M47: I48 | N47: Public | O47: Valid | P47: 2451 | Q47: Ok | R47: Sun | S47: Weekend | T47: =VLOOKUP(Admissions[[#This Row],[Department]],Departments!A:E,5,FALSE) -> 8500 | U47: =IF(K47>T47,"Above Benchmark","Within Benchmark") -> Within Benchmark | V47: =INT(YEARFRAC(E47,TODAY())) -> 42 | W47: =_xlfn.IFS(Admissions[[#This Row],[Patients Age]]<18,"Paediatric",V47<40,"Young Adult",V47<65,"Adult",TRUE,"Senior") -> Adult
A48: 14268 | B48: 4550 | C48: Christopher Njenga | D48: Female | E48: 44548 | F48: Pediatrics | G48: Dr. Chebet | H48: 44945 | I48: 44949 | J48: 4 | K48: 4591 | L48: No | M48: A09 | N48: Public | O48: Valid | P48: 1147.75 | Q48: Ok | R48: Thu | S48: Weekday | T48: =VLOOKUP(Admissions[[#This Row],[Department]],Departments!A:E,5,FALSE) -> 4500 | U48: =IF(K48>T48,"Above Benchmark","Within Benchmark") -> Above Benchmark | V48: =INT(YEARFRAC(E48,TODAY())) -> 4 | W48: =_xlfn.IFS(Admissions[[#This Row],[Patients Age]]<18,"Paediatric",V48<40,"Young Adult",V48<65,"Adult",TRUE,"Senior") -> Paediatric
A49: 15252 | B49: 5971 | C49: Ruth Mutua | D49: Male | E49: 29350 | F49: Neurology | G49: Dr. Abdi | H49: 45095 | I49: 45101 | J49: 6 | K49: 9164 | L49: No | M49: I63 | N49: Uninsured | O49: Valid | P49: 1527.3333 | Q49: Ok | R49: Sun | S49: Weekend | T49: =VLOOKUP(Admissions[[#This Row],[Department]],Departments!A:E,5,FALSE) -> 7200 | U49: =IF(K49>T49,"Above Benchmark","Within Benchmark") -> Above Benchmark | V49: =INT(YEARFRAC(E49,TODAY())) -> 46 | W49: =_xlfn.IFS(Admissions[[#This Row],[Patients Age]]<18,"Paediatric",V49<40,"Young Adult",V49<65,"Adult",TRUE,"Senior") -> Adult
A50: 13845 | B50: 7073 | C50: Emily Mbugua | D50: Female | E50: 20900 | F50: Orthopedics | G50: Dr. Mwangi | H50: 44970 | I50: 44981 | J50: 11 | K50: 15725 | L50: No | M50: M16 | N50: Public | O50: Valid | P50: 1429.5455 | Q50: Ok | R50: Mon | S50: Weekday | T50: =VLOOKUP(Admissions[[#This Row],[Department]],Departments!A:E,5,FALSE) -> 6800 | U50: =IF(K50>T50,"Above Benchmark","Within Benchmark") -> Above Benchmark | V50: =INT(YEARFRAC(E50,TODAY())) -> 69 | W50: =_xlfn.IFS(Admissions[[#This Row],[Patients Age]]<18,"Paediatric",V50<40,"Young Adult",V50<65,"Adult",TRUE,"Senior") -> Senior
... A135: 14826 | B135: 5316 | C135: Paul Achieng | D135: Female | E135: 29830 | F135: Cardiology | G135: Dr. Kimani | H135: 45138 | I135: 45144 | J135: 6 | K135: 11845 | L135: No | M135: I21 | N135: Public | O135: Valid | P135: 1974.1667 | Q135: Ok | R135: Mon | S135: Weekday | T135: =VLOOKUP(Admissions[[#This Row],[Department]],Departments!A:E,5,FALSE) -> 8500 | U135: =IF(K135>T135,"Above Benchmark","Within Benchmark") -> Above Benchmark | V135: =INT(YEARFRAC(E135,TODAY())) -> 44 | W135: =_xlfn.IFS(Admissions[[#This Row],[Patients Age]]<18,"Paediatric",V135<40,"Young Adult",V135<65,"Adult",TRUE,"Senior") -> Adult
A136: 11828 | B136: Missing | C136: Helen Kariuki | D136: Male | E136: 14261 | F136: Cardiology | G136: Dr. Patel | H136: 45262 | I136: 45268 | J136: 6 | K136: 16332 | L136: No | M136: I10 | N136: Uninsured | O136: Valid | P136: 2722 | Q136: Ok | R136: Sat | S136: Weekend | T136: =VLOOKUP(Admissions[[#This Row],[Department]],Departments!A:E,5,FALSE) -> 8500 | U136: =IF(K136>T136,"Above Benchmark","Within Benchmark") -> Above Benchmark | V136: =INT(YEARFRAC(E136,TODAY())) -> 87 | W136: =_xlfn.IFS(Admissions[[#This Row],[Patients Age]]<18,"Paediatric",V136<40,"Young Adult",V136<65,"Adult",TRUE,"Senior") -> Senior
A137: 11090 | B137: 3533 | C137: James Githinji | D137: Male | E137: 31189 | F137: Surgery | G137: Dr. Chen | H137: 45129 | I137: 45135 | J137: 6 | K137: 11863 | L137: No | M137: S72 | N137: Private | O137: Valid | P137: 1977.1667 | Q137: Ok | R137: Sat | S137: Weekend | T137: =VLOOKUP(Admissions[[#This Row],[Department]],Departments!A:E,5,FALSE) -> 9000 | U137: =IF(K137>T137,"Above Benchmark","Within Benchmark") -> Above Benchmark | V137: =INT(YEARFRAC(E137,TODAY())) -> 41 | W137: =_xlfn.IFS(Admissions[[#This Row],[Patients Age]]<18,"Paediatric",V137<40,"Young Adult",V137<65,"Adult",TRUE,"Senior") -> Adult
A138: 10828 | B138: 6435 | C138: John Otieno | D138: Male | E138: 32233 | F138: Emergency | G138: Dr. Hassan | H138: 45104 | I138: 45105 | J138: 1 | K138: 3140 | L138: No | M138: A09 | N138: Public | O138: Valid | P138: 3140 | Q138: Ok | R138: Tue | S138: Weekday | T138: =VLOOKUP(Admissions[[#This Row],[Department]],Departments!A:E,5,FALSE) -> 5500 | U138: =IF(K138>T138,"Above Benchmark","Within Benchmark") -> Within Benchmark | V138: =INT(YEARFRAC(E138,TODAY())) -> 38 | W138: =_xlfn.IFS(Admissions[[#This Row],[Patients Age]]<18,"Paediatric",V138<40,"Young Adult",V138<65,"Adult",TRUE,"Senior") -> Young Adult
A139: 10316 | B139: 7188 | C139: Michael Omondi | D139: Male | E139: 38507 | F139: Cardiology | G139: Dr. Patel | H139: 45301 | I139: 45308 | J139: 7 | K139: 10693 | L139: No | M139: I21 | N139: Uninsured | O139: Valid | P139: 1527.5714 | Q139: Ok | R139: Wed | S139: Weekday | T139: =VLOOKUP(Admissions[[#This Row],[Department]],Departments!A:E,5,FALSE) -> 8500 | U139: =IF(K139>T139,"Above Benchmark","Within Benchmark") -> Above Benchmark | V139: =INT(YEARFRAC(E139,TODAY())) -> 21 | W139: =_xlfn.IFS(Admissions[[#This Row],[Patients Age]]<18,"Paediatric",V139<40,"Young Adult",V139<65,"Adult",TRUE,"Senior") -> Young Adult
A140: 13441 | B140: 5469 | C140: Patricia Kimani | D140: Male | E140: 26806 | F140: Orthopedics | G140: Dr. Mwangi | H140: 45623 | I140: 45629 | J140: 6 | K140: 4718 | L140: Yes | M140: M54 | N140: Public | O140: Valid | P140: 786.3333 | Q140: Ok | R140: Wed | S140: Weekday | T140: =VLOOKUP(Admissions[[#This Row],[Department]],Departments!A:E,5,FALSE) -> 6800 | U140: =IF(K140>T140,"Above Benchmark","Within Benchmark") -> Within Benchmark | V140: =INT(YEARFRAC(E140,TODAY())) -> 53 | W140: =_xlfn.IFS(Admissions[[#This Row],[Patients Age]]<18,"Paediatric",V140<40,"Young Adult",V140<65,"Adult",TRUE,"Senior") -> Adult
A141: 10900 | B141: 4573 | C141: Betty Mugo | D141: Female | E141: 29532 | F141: Internal Medicine | G141: Dr. Nair | H141: 45122 | I141: 45126 | J141: 4 | K141: 5048 | L141: No | M141: J44 | N141: Public | O141: Valid | P141: 1262 | Q141: Ok | R141: Sat | S141: Weekend | T141: =VLOOKUP(Admissions[[#This Row],[Department]],Departments!A:E,5,FALSE) -> 6000 | U141: =IF(K141>T141,"Above Benchmark","Within Benchmark") -> Within Benchmark | V141: =INT(YEARFRAC(E141,TODAY())) -> 45 | W141: =_xlfn.IFS(Admissions[[#This Row],[Patients Age]]<18,"Paediatric",V141<40,"Young Adult",V141<65,"Adult",TRUE,"Senior") -> Adult
A142: 15840 | B142: 3121 | C142: Linda Mohammed | D142: Male | E142: 18335 | F142: Orthopedics | G142: Dr. Svensson | H142: 45426 | I142: 45430 | J142: 4 | K142: 7152 | L142: No | M142: M54 | N142: Private | O142: Valid | P142: 1788 | Q142: Ok | R142: Tue | S142: Weekday | T142: =VLOOKUP(Admissions[[#This Row],[Department]],Departments!A:E,5,FALSE) -> 6800 | U142: =IF(K142>T142,"Above Benchmark","Within Benchmark") -> Above Benchmark | V142: =INT(YEARFRAC(E142,TODAY())) -> 76 | W142: =_xlfn.IFS(Admissions[[#This Row],[Patients Age]]<18,"Paediatric",V142<40,"Young Adult",V142<65,"Adult",TRUE,"Senior") -> Senior
A143: 11975 | B143: 6326 | C143: Grace Kimani | D143: Male | E143: 27392 | F143: Oncology | G143: Dr. Ruto | H143: 45630 | I143: 45637 | J143: 7 | K143: 27307 | L143: No | M143: C50 | N143: Public | O143: Valid | P143: 3901 | Q143: Ok | R143: Wed | S143: Weekday | T143: =VLOOKUP(Admissions[[#This Row],[Department]],Departments!A:E,5,FALSE) -> 12000 | U143: =IF(K143>T143,"Above Benchmark","Within Benchmark") -> Above Benchmark | V143: =INT(YEARFRAC(E143,TODAY())) -> 51 | W143: =_xlfn.IFS(Admissions[[#This Row],[Patients Age]]<18,"Paediatric",V143<40,"Young Adult",V143<65,"Adult",TRUE,"Senior") -> Adult
A144: 10260 | B144: 6303 | C144: Grace Chesang | D144: Female | E144: 35649 | F144: Internal Medicine | G144: Dr. Githinji | H144: 45412 | I144: 45416 | J144: 4 | K144: 6263 | L144: No | M144: N18 | N144: Public | O144: Valid | P144: 1565.75 | Q144: Ok | R144: Tue | S144: Weekday | T144: =VLOOKUP(Admissions[[#This Row],[Department]],Departments!A:E,5,FALSE) -> 6000 | U144: =IF(K144>T144,"Above Benchmark","Within Benchmark") -> Above Benchmark | V144: =INT(YEARFRAC(E144,TODAY())) -> 28 | W144: =_xlfn.IFS(Admissions[[#This Row],[Patients Age]]<18,"Paediatric",V144<40,"Young Adult",V144<65,"Adult",TRUE,"Senior") -> Young Adult
A145: 10153 | B145: 6157 | C145: Ruth Mohammed | D145: Female | E145: 14067 | F145: Orthopedics | G145: Dr. Mwangi | H145: 45382 | I145: 45384 | J145: 2 | K145: 6538 | L145: No | M145: S72 | N145: Private | O145: Valid | P145: 3269 | Q145: Ok | R145: Sun | S145: Weekend | T145: =VLOOKUP(Admissions[[#This Row],[Department]],Departments!A:E,5,FALSE) -> 6800 | U145: =IF(K145>T145,"Above Benchmark","Within Benchmark") -> Within Benchmark | V145: =INT(YEARFRAC(E145,TODAY())) -> 88 | W145: =_xlfn.IFS(Admissions[[#This Row],[Patients Age]]<18,"Paediatric",V145<40,"Young Adult",V145<65,"Adult",TRUE,"Senior") -> Senior
A146: 14270 | B146: 4719 | C146: Anthony Achieng | D146: Male | E146: 20543 | F146: Neurology | G146: Dr. Abdi | H146: 45500 | I146: 45505 | J146: 5 | K146: 7618 | L146: No | M146: R51 | N146: Private | O146: Valid | P146: 1523.6 | Q146: Ok | R146: Sat | S146: Weekend | T146: =VLOOKUP(Admissions[[#This Row],[Department]],Departments!A:E,5,FALSE) -> 7200 | U146: =IF(K146>T146,"Above Benchmark","Within Benchmark") -> Above Benchmark | V146: =INT(YEARFRAC(E146,TODAY())) -> 70 | W146: =_xlfn.IFS(Admissions[[#This Row],[Patients Age]]<18,"Paediatric",V146<40,"Young Adult",V146<65,"Adult",TRUE,"Senior") -> Senior
A147: 13628 | B147: 3030 | C147: Joshua Wanjiku | D147: Female | E147: 30831 | F147: Oncology | G147: Dr. Osei | H147: 45581 | I147: 45586 | J147: 5 | K147: 13691 | L147: No | M147: C61 | N147: Public | O147: Valid | P147: 2738.2 | Q147: Ok | R147: Wed | S147: Weekday | T147: =VLOOKUP(Admissions[[#This Row],[Department]],Departments!A:E,5,FALSE) -> 12000 | U147: =IF(K147>T147,"Above Benchmark","Within Benchmark") -> Above Benchmark | V147: =INT(YEARFRAC(E147,TODAY())) -> 42 | W147: =_xlfn.IFS(Admissions[[#This Row],[Patients Age]]<18,"Paediatric",V147<40,"Young Adult",V147<65,"Adult",TRUE,"Senior") -> Adult
A148: 14590 | B148: 4225 | C148: Aisha Ruto | D148: Female | E148: 12893 | F148: Emergency | G148: Dr. Hassan | H148: 45419 | I148: 45423 | J148: 4 | K148: 13251 | L148: No | M148: J18 | N148: Public | O148: Valid | P148: 3312.75 | Q148: Ok | R148: Tue | S148: Weekday | T148: =VLOOKUP(Admissions[[#This Row],[Department]],Departments!A:E,5,FALSE) -> 5500 | U148: =IF(K148>T148,"Above Benchmark","Within Benchmark") -> Above Benchmark | V148: =INT(YEARFRAC(E148,TODAY())) -> 91 | W148: =_xlfn.IFS(Admissions[[#This Row],[Patients Age]]<18,"Paediatric",V148<40,"Young Adult",V148<65,"Adult",TRUE,"Senior") -> Senior
... A198: 12659 | B198: 4156 | C198: Helen Wairimu | D198: Male | E198: 12771 | F198: Neurology | G198: Dr. Abdi | H198: 45280 | I198: 45284 | J198: 4 | K198: 7201 | L198: No | M198: G43 | N198: Public | O198: Valid | P198: 1800.25 | Q198: Ok | R198: Wed | S198: Weekday | T198: =VLOOKUP(Admissions[[#This Row],[Department]],Departments!A:E,5,FALSE) -> 7200 | U198: =IF(K198>T198,"Above Benchmark","Within Benchmark") -> Above Benchmark | V198: =INT(YEARFRAC(E198,TODAY())) -> 91 | W198: =_xlfn.IFS(Admissions[[#This Row],[Patients Age]]<18,"Paediatric",V198<40,"Young Adult",V198<65,"Adult",TRUE,"Senior") -> Senior
A199: 10396 | B199: Missing | C199: Alice Wambua | D199: Male | E199: 25261 | F199: Neurology | G199: Dr. Andersen | H199: 45042 | I199: 45047 | J199: 5 | K199: 6815 | L199: No | M199: G43 | N199: Private | O199: Valid | P199: 1363 | Q199: Ok | R199: Wed | S199: Weekday | T199: =VLOOKUP(Admissions[[#This Row],[Department]],Departments!A:E,5,FALSE) -> 7200 | U199: =IF(K199>T199,"Above Benchmark","Within Benchmark") -> Within Benchmark | V199: =INT(YEARFRAC(E199,TODAY())) -> 57 | W199: =_xlfn.IFS(Admissions[[#This Row],[Patients Age]]<18,"Paediatric",V199<40,"Young Adult",V199<65,"Adult",TRUE,"Senior") -> Adult
A200: 10543 | B200: 4803 | C200: Patricia Muigai | D200: Female | E200: 19652 | F200: Orthopedics | G200: Dr. Lagat | H200: 45042 | I200: 45049 | J200: 7 | K200: 10982 | L200: No | M200: S72 | N200: Private | O200: Valid | P200: 1568.8571 | Q200: Ok | R200: Wed | S200: Weekday | T200: =VLOOKUP(Admissions[[#This Row],[Department]],Departments!A:E,5,FALSE) -> 6800 | U200: =IF(K200>T200,"Above Benchmark","Within Benchmark") -> Above Benchmark | V200: =INT(YEARFRAC(E200,TODAY())) -> 72 | W200: =_xlfn.IFS(Admissions[[#This Row],[Patients Age]]<18,"Paediatric",V200<40,"Young Adult",V200<65,"Adult",TRUE,"Senior") -> Senior
A201: 13159 | B201: 6471 | C201: Michael Mutua | D201: Female | E201: 23315 | F201: Emergency | G201: Dr. Hassan | H201: 45353 | I201: 45357 | J201: 4 | K201: 4574 | L201: Yes | M201: J18 | N201: Private | O201: Valid | P201: 1143.5 | Q201: Ok | R201: Sat | S201: Weekend | T201: =VLOOKUP(Admissions[[#This Row],[Department]],Departments!A:E,5,FALSE) -> 5500 | U201: =IF(K201>T201,"Above Benchmark","Within Benchmark") -> Within Benchmark | V201: =INT(YEARFRAC(E201,TODAY())) -> 62 | W201: =_xlfn.IFS(Admissions[[#This Row],[Patients Age]]<18,"Paediatric",V201<40,"Young Adult",V201<65,"Adult",TRUE,"Senior") -> Adult
A202: 11138 | B202: 6164 | C202: Kenneth Chesang | D202: Male | E202: 23472 | F202: Cardiology | G202: Dr. Kimani | H202: 45182 | I202: 45188 | J202: 6 | K202: 13041 | L202: Yes | M202: I21 | N202: Private | O202: Valid | P202: 2173.5 | Q202: Ok | R202: Wed | S202: Weekday | T202: =VLOOKUP(Admissions[[#This Row],[Department]],Departments!A:E,5,FALSE) -> 8500 | U202: =IF(K202>T202,"Above Benchmark","Within Benchmark") -> Above Benchmark | V202: =INT(YEARFRAC(E202,TODAY())) -> 62 | W202: =_xlfn.IFS(Admissions[[#This Row],[Patients Age]]<18,"Paediatric",V202<40,"Young Adult",V202<65,"Adult",TRUE,"Senior") -> Adult
A203: 10647 | B203: 4212 | C203: Mark Wairimu | D203: Male | E203: 23605 | F203: Surgery | G203: Dr. Muthoni | H203: 45017 | I203: 45025 | J203: 8 | K203: 23905 | L203: Yes | M203: K35 | N203: Private | O203: Valid | P203: 2988.125 | Q203: Ok | R203: Sat | S203: Weekend | T203: =VLOOKUP(Admissions[[#This Row],[Department]],Departments!A:E,5,FALSE) -> 9000 | U203: =IF(K203>T203,"Above Benchmark","Within Benchmark") -> Above Benchmark | V203: =INT(YEARFRAC(E203,TODAY())) -> 61 | W203: =_xlfn.IFS(Admissions[[#This Row],[Patients Age]]<18,"Paediatric",V203<40,"Young Adult",V203<65,"Adult",TRUE,"Senior") -> Adult
A204: 10605 | B204: 5972 | C204: Joshua Gakuru | D204: Male | E204: 27852 | F204: Neurology | G204: Dr. Andersen | H204: 44979 | I204: 44983 | J204: 4 | K204: 6962 | L204: No | M204: G43 | N204: Private | O204: Valid | P204: 1740.5 | Q204: Ok | R204: Wed | S204: Weekday | T204: =VLOOKUP(Admissions[[#This Row],[Department]],Departments!A:E,5,FALSE) -> 7200 | U204: =IF(K204>T204,"Above Benchmark","Within Benchmark") -> Within Benchmark | V204: =INT(YEARFRAC(E204,TODAY())) -> 50 | W204: =_xlfn.IFS(Admissions[[#This Row],[Patients Age]]<18,"Paediatric",V204<40,"Young Adult",V204<65,"Adult",TRUE,"Senior") -> Adult
A205: 10537 | B205: 4868 | C205: Ruth Omondi | D205: Male | E205: 27468 | F205: Oncology | G205: Dr. Osei | H205: 45132 | I205: 45138 | J205: 6 | K205: 28569 | L205: No | M205: C50 | N205: Private | O205: Valid | P205: 4761.5 | Q205: Ok | R205: Tue | S205: Weekday | T205: =VLOOKUP(Admissions[[#This Row],[Department]],Departments!A:E,5,FALSE) -> 12000 | U205: =IF(K205>T205,"Above Benchmark","Within Benchmark") -> Above Benchmark | V205: =INT(YEARFRAC(E205,TODAY())) -> 51 | W205: =_xlfn.IFS(Admissions[[#This Row],[Patients Age]]<18,"Paediatric",V205<40,"Young Adult",V205<65,"Adult",TRUE,"Senior") -> Adult
A206: 15348 | B206: 4139 | C206: Jessica Odhiambo | D206: Male | E206: 28107 | F206: Emergency | G206: Dr. Hassan | H206: 45501 | I206: 45504 | J206: 3 | K206: 10984 | L206: Yes | M206: S72 | N206: Private | O206: Valid | P206: 3661.3333 | Q206: Ok | R206: Sun | S206: Weekend | T206: =VLOOKUP(Admissions[[#This Row],[Department]],Departments!A:E,5,FALSE) -> 5500 | U206: =IF(K206>T206,"Above Benchmark","Within Benchmark") -> Above Benchmark | V206: =INT(YEARFRAC(E206,TODAY())) -> 49 | W206: =_xlfn.IFS(Admissions[[#This Row],[Patients Age]]<18,"Paediatric",V206<40,"Young Adult",V206<65,"Adult",TRUE,"Senior") -> Adult
A207: 10883 | B207: 3612 | C207: James Oduya | D207: Female | E207: 37884 | F207: Emergency | G207: Dr. Otieno | H207: 45066 | I207: 45067 | J207: 1 | K207: 2245 | L207: No | M207: R51 | N207: Public | O207: Valid | P207: 2245 | Q207: Ok | R207: Sat | S207: Weekend | T207: =VLOOKUP(Admissions[[#This Row],[Department]],Departments!A:E,5,FALSE) -> 5500 | U207: =IF(K207>T207,"Above Benchmark","Within Benchmark") -> Within Benchmark | V207: =INT(YEARFRAC(E207,TODAY())) -> 22 | W207: =_xlfn.IFS(Admissions[[#This Row],[Patients Age]]<18,"Paediatric",V207<40,"Young Adult",V207<65,"Adult",TRUE,"Senior") -> Young Adult
A208: 13084 | B208: 6287 | C208: Aisha Omondi | D208: Female | E208: 26445 | F208: Emergency | G208: Dr. Otieno | H208: 45235 | I208: 45238 | J208: 3 | K208: 5916 | L208: Yes | M208: R51 | N208: Private | O208: Valid | P208: 1972 | Q208: Ok | R208: Sun | S208: Weekend | T208: =VLOOKUP(Admissions[[#This Row],[Department]],Departments!A:E,5,FALSE) -> 5500 | U208: =IF(K208>T208,"Above Benchmark","Within Benchmark") -> Above Benchmark | V208: =INT(YEARFRAC(E208,TODAY())) -> 54 | W208: =_xlfn.IFS(Admissions[[#This Row],[Patients Age]]<18,"Paediatric",V208<40,"Young Adult",V208<65,"Adult",TRUE,"Senior") -> Adult
A209: 10277 | B209: 3227 | C209: Alice Oduya | D209: Female | E209: 30386 | F209: Emergency | G209: Dr. Hassan | H209: 45202 | I209: 45204 | J209: 2 | K209: 4251 | L209: No | M209: J18 | N209: Uninsured | O209: Valid | P209: 2125.5 | Q209: Ok | R209: Tue | S209: Weekday | T209: =VLOOKUP(Admissions[[#This Row],[Department]],Departments!A:E,5,FALSE) -> 5500 | U209: =IF(K209>T209,"Above Benchmark","Within Benchmark") -> Within Benchmark | V209: =INT(YEARFRAC(E209,TODAY())) -> 43 | W209: =_xlfn.IFS(Admissions[[#This Row],[Patients Age]]<18,"Paediatric",V209<40,"Young Adult",V209<65,"Adult",TRUE,"Senior") -> Adult
A210: 12116 | B210: 3949 | C210: Sarah Njenga | D210: Female | E210: 39300 | F210: Pediatrics | G210: Dr. Chebet | H210: 45005 | I210: 45007 | J210: 2 | K210: 2279 | L210: No | M210: Z38 | N210: Public | O210: Valid | P210: 1139.5 | Q210: Ok | R210: Mon | S210: Weekday | T210: =VLOOKUP(Admissions[[#This Row],[Department]],Departments!A:E,5,FALSE) -> 4500 | U210: =IF(K210>T210,"Above Benchmark","Within Benchmark") -> Within Benchmark | V210: =INT(YEARFRAC(E210,TODAY())) -> 18 | W210: =_xlfn.IFS(Admissions[[#This Row],[Patients Age]]<18,"Paediatric",V210<40,"Young Adult",V210<65,"Adult",TRUE,"Senior") -> Young Adult
A211: 11426 | B211: 5826 | C211: David Owino | D211: Female | E211: 16383 | F211: Emergency | G211: Dr. Walsh | H211: 45277 | I211: 45280 | J211: 3 | K211: 5809 | L211: No | M211: J18 | N211: Private | O211: Valid | P211: 1936.3333 | Q211: Ok | R211: Sun | S211: Weekend | T211: =VLOOKUP(Admissions[[#This Row],[Department]],Departments!A:E,5,FALSE) -> 5500 | U211: =IF(K211>T211,"Above Benchmark","Within Benchmark") -> Above Benchmark | V211: =INT(YEARFRAC(E211,TODAY())) -> 81 | W211: =_xlfn.IFS(Admissions[[#This Row],[Patients Age]]<18,"Paediatric",V211<40,"Young Adult",V211<65,"Adult",TRUE,"Senior") -> Senior
... A544: 15087 | B544: 3470 | C544: Amina Oduya | D544: Male | E544: 18390 | F544: Emergency | G544: Dr. Hassan | H544: 45275 | I544: 45278 | J544: 3 | K544: 8579 | L544: No | M544: J18 | N544: Public | O544: Valid | P544: 2859.6667 | Q544: Ok | R544: Fri | S544: Weekday | T544: =VLOOKUP(Admissions[[#This Row],[Department]],Departments!A:E,5,FALSE) -> 5500 | U544: =IF(K544>T544,"Above Benchmark","Within Benchmark") -> Above Benchmark | V544: =INT(YEARFRAC(E544,TODAY())) -> 76 | W544: =_xlfn.IFS(Admissions[[#This Row],[Patients Age]]<18,"Paediatric",V544<40,"Young Adult",V544<65,"Adult",TRUE,"Senior") -> Senior
A545: 12410 | B545: Missing | C545: Donna Gakuru | D545: Female | E545: 25441 | F545: Cardiology | G545: Dr. Patel | H545: 45331 | I545: 45336 | J545: 5 | K545: 6336 | L545: Yes | M545: I48 | N545: Uninsured | O545: Valid | P545: 1267.2 | Q545: Ok | R545: Fri | S545: Weekday | T545: =VLOOKUP(Admissions[[#This Row],[Department]],Departments!A:E,5,FALSE) -> 8500 | U545: =IF(K545>T545,"Above Benchmark","Within Benchmark") -> Within Benchmark | V545: =INT(YEARFRAC(E545,TODAY())) -> 56 | W545: =_xlfn.IFS(Admissions[[#This Row],[Patients Age]]<18,"Paediatric",V545<40,"Young Adult",V545<65,"Adult",TRUE,"Senior") -> Adult
A546: 13360 | B546: 5087 | C546: Samuel Abdi | D546: Male | E546: 22962 | F546: Emergency | G546: Dr. Hassan | H546: 45273 | I546: 45275 | J546: 2 | K546: 6638 | L546: No | M546: S72 | N546: Public | O546: Valid | P546: 3319 | Q546: Ok | R546: Wed | S546: Weekday | T546: =VLOOKUP(Admissions[[#This Row],[Department]],Departments!A:E,5,FALSE) -> 5500 | U546: =IF(K546>T546,"Above Benchmark","Within Benchmark") -> Above Benchmark | V546: =INT(YEARFRAC(E546,TODAY())) -> 63 | W546: =_xlfn.IFS(Admissions[[#This Row],[Patients Age]]<18,"Paediatric",V546<40,"Young Adult",V546<65,"Adult",TRUE,"Senior") -> Adult
A547: 11935 | B547: 4925 | C547: Linda Achieng | D547: Male | E547: 20114 | F547: Internal Medicine | G547: Dr. Asante | H547: 45645 | I547: 45652 | J547: 7 | K547: 6558 | L547: No | M547: I10 | N547: Public | O547: Valid | P547: 936.8571 | Q547: Ok | R547: Thu | S547: Weekday | T547: =VLOOKUP(Admissions[[#This Row],[Department]],Departments!A:E,5,FALSE) -> 6000 | U547: =IF(K547>T547,"Above Benchmark","Within Benchmark") -> Above Benchmark | V547: =INT(YEARFRAC(E547,TODAY())) -> 71 | W547: =_xlfn.IFS(Admissions[[#This Row],[Patients Age]]<18,"Paediatric",V547<40,"Young Adult",V547<65,"Adult",TRUE,"Senior") -> Senior
A548: 13912 | B548: 3202 | C548: Mark Githinji | D548: Female | E548: 41057 | F548: Pediatrics | G548: Dr. Chebet | H548: 45489 | I548: 45492 | J548: 3 | K548: 2562 | L548: Yes | M548: Z38 | N548: Private | O548: Valid | P548: 854 | Q548: Ok | R548: Tue | S548: Weekday | T548: =VLOOKUP(Admissions[[#This Row],[Department]],Departments!A:E,5,FALSE) -> 4500 | U548: =IF(K548>T548,"Above Benchmark","Within Benchmark") -> Within Benchmark | V548: =INT(YEARFRAC(E548,TODAY())) -> 14 | W548: =_xlfn.IFS(Admissions[[#This Row],[Patients Age]]<18,"Paediatric",V548<40,"Young Adult",V548<65,"Adult",TRUE,"Senior") -> Paediatric
A549: 14619 | B549: 6366 | C549: Mark Odhiambo | D549: Female | E549: 22196 | F549: Neurology | G549: Dr. Andersen | H549: 45613 | I549: 45615 | J549: 2 | K549: 4107 | L549: No | M549: R51 | N549: Public | O549: Valid | P549: 2053.5 | Q549: Ok | R549: Sun | S549: Weekend | T549: =VLOOKUP(Admissions[[#This Row],[Department]],Departments!A:E,5,FALSE) -> 7200 | U549: =IF(K549>T549,"Above Benchmark","Within Benchmark") -> Within Benchmark | V549: =INT(YEARFRAC(E549,TODAY())) -> 65 | W549: =_xlfn.IFS(Admissions[[#This Row],[Patients Age]]<18,"Paediatric",V549<40,"Young Adult",V549<65,"Adult",TRUE,"Senior") -> Senior
A550: 11496 | B550: 6417 | C550: Dorothy Mwangi | D550: Male | E550: 33531 | F550: Cardiology | G550: Dr. Patel | H550: 45058 | I550: 45064 | J550: 6 | K550: 5385 | L550: Yes | M550: I48 | N550: Public | O550: Valid | P550: 897.5 | Q550: Ok | R550: Fri | S550: Weekday | T550: =VLOOKUP(Admissions[[#This Row],[Department]],Departments!A:E,5,FALSE) -> 8500 | U550: =IF(K550>T550,"Above Benchmark","Within Benchmark") -> Within Benchmark | V550: =INT(YEARFRAC(E550,TODAY())) -> 34 | W550: =_xlfn.IFS(Admissions[[#This Row],[Patients Age]]<18,"Paediatric",V550<40,"Young Adult",V550<65,"Adult",TRUE,"Senior") -> Young Adult
A551: 11537 | B551: 4761 | C551: David Wairimu | D551: Male | E551: 30914 | F551: Orthopedics | G551: Dr. Svensson | H551: 45297 | I551: 45300 | J551: 3 | K551: 5354 | L551: No | M551: M16 | N551: Private | O551: Valid | P551: 1784.6667 | Q551: Ok | R551: Sat | S551: Weekend | T551: =VLOOKUP(Admissions[[#This Row],[Department]],Departments!A:E,5,FALSE) -> 6800 | U551: =IF(K551>T551,"Above Benchmark","Within Benchmark") -> Within Benchmark | V551: =INT(YEARFRAC(E551,TODAY())) -> 41 | W551: =_xlfn.IFS(Admissions[[#This Row],[Patients Age]]<18,"Paediatric",V551<40,"Young Adult",V551<65,"Adult",TRUE,"Senior") -> Adult
A552: 13141 | B552: 4107 | C552: Steven Adhiambo | D552: Female | E552: 33747 | F552: Internal Medicine | G552: Dr. Nair | H552: 45187 | I552: 45190 | J552: 3 | K552: 3348 | L552: No | M552: I10 | N552: Public | O552: Valid | P552: 1116 | Q552: Ok | R552: Mon | S552: Weekday | T552: =VLOOKUP(Admissions[[#This Row],[Department]],Departments!A:E,5,FALSE) -> 6000 | U552: =IF(K552>T552,"Above Benchmark","Within Benchmark") -> Within Benchmark | V552: =INT(YEARFRAC(E552,TODAY())) -> 34 | W552: =_xlfn.IFS(Admissions[[#This Row],[Patients Age]]<18,"Paediatric",V552<40,"Young Adult",V552<65,"Adult",TRUE,"Senior") -> Young Adult
A553: 14145 | B553: 4219 | C553: Grace Githinji | D553: Female | E553: 16846 | F553: Surgery | G553: Dr. Chen | H553: 45194 | I553: 45201 | J553: 7 | K553: 14356 | L553: No | M553: K80 | N553: Private | O553: Valid | P553: 2050.8571 | Q553: Ok | R553: Mon | S553: Weekday | T553: =VLOOKUP(Admissions[[#This Row],[Department]],Departments!A:E,5,FALSE) -> 9000 | U553: =IF(K553>T553,"Above Benchmark","Within Benchmark") -> Above Benchmark | V553: =INT(YEARFRAC(E553,TODAY())) -> 80 | W553: =_xlfn.IFS(Admissions[[#This Row],[Patients Age]]<18,"Paediatric",V553<40,"Young Adult",V553<65,"Adult",TRUE,"Senior") -> Senior
A554: 13339 | B554: 5248 | C554: Robert Gacheru | D554: Male | E554: 20327 | F554: Oncology | G554: Dr. Ruto | H554: 45537 | I554: 45544 | J554: 7 | K554: 29276 | L554: No | M554: C50 | N554: Public | O554: Valid | P554: 4182.2857 | Q554: Ok | R554: Mon | S554: Weekday | T554: =VLOOKUP(Admissions[[#This Row],[Department]],Departments!A:E,5,FALSE) -> 12000 | U554: =IF(K554>T554,"Above Benchmark","Within Benchmark") -> Above Benchmark | V554: =INT(YEARFRAC(E554,TODAY())) -> 70 | W554: =_xlfn.IFS(Admissions[[#This Row],[Patients Age]]<18,"Paediatric",V554<40,"Young Adult",V554<65,"Adult",TRUE,"Senior") -> Senior
A555: 10125 | B555: 3114 | C555: Daniel Abdi | D555: Male | E555: 33911 | F555: Neurology | G555: Dr. Andersen | H555: 45272 | I555: 45276 | J555: 4 | K555: 5326 | L555: No | M555: R51 | N555: Uninsured | O555: Valid | P555: 1331.5 | Q555: Ok | R555: Tue | S555: Weekday | T555: =VLOOKUP(Admissions[[#This Row],[Department]],Departments!A:E,5,FALSE) -> 7200 | U555: =IF(K555>T555,"Above Benchmark","Within Benchmark") -> Within Benchmark | V555: =INT(YEARFRAC(E555,TODAY())) -> 33 | W555: =_xlfn.IFS(Admissions[[#This Row],[Patients Age]]<18,"Paediatric",V555<40,"Young Adult",V555<65,"Adult",TRUE,"Senior") -> Young Adult
A556: 13304 | B556: 6071 | C556: Mark Adhiambo | D556: Female | E556: 17457 | F556: Oncology | G556: Dr. Ruto | H556: 45455 | I556: 45464 | J556: 9 | K556: 33244 | L556: No | M556: C61 | N556: Private | O556: Valid | P556: 3693.7778 | Q556: Ok | R556: Wed | S556: Weekday | T556: =VLOOKUP(Admissions[[#This Row],[Department]],Departments!A:E,5,FALSE) -> 12000 | U556: =IF(K556>T556,"Above Benchmark","Within Benchmark") -> Above Benchmark | V556: =INT(YEARFRAC(E556,TODAY())) -> 78 | W556: =_xlfn.IFS(Admissions[[#This Row],[Patients Age]]<18,"Paediatric",V556<40,"Young Adult",V556<65,"Adult",TRUE,"Senior") -> Senior
A557: 15631 | B557: 6620 | C557: Peter Githinji | D557: Male | E557: 24151 | F557: Oncology | G557: Dr. Osei | H557: 45268 | I557: 45274 | J557: 6 | K557: 26569 | L557: No | M557: C50 | N557: Private | O557: Valid | P557: 4428.1667 | Q557: Ok | R557: Fri | S557: Weekday | T557: =VLOOKUP(Admissions[[#This Row],[Department]],Departments!A:E,5,FALSE) -> 12000 | U557: =IF(K557>T557,"Above Benchmark","Within Benchmark") -> Above Benchmark | V557: =INT(YEARFRAC(E557,TODAY())) -> 60 | W557: =_xlfn.IFS(Admissions[[#This Row],[Patients Age]]<18,"Paediatric",V557<40,"Young Adult",V557<65,"Adult",TRUE,"Senior") -> Adult
... A563: 14206 | B563: 4397 | C563: Aisha Kariuki | D563: Female | E563: 43454 | F563: Pediatrics | G563: Dr. Korir | H563: 44993 | I563: 44996 | J563: 3 | K563: 3229 | L563: No | M563: Z38 | N563: Private | O563: Valid | P563: 1076.3333 | Q563: Ok | R563: Wed | S563: Weekday | T563: =VLOOKUP(Admissions[[#This Row],[Department]],Departments!A:E,5,FALSE) -> 4500 | U563: =IF(K563>T563,"Above Benchmark","Within Benchmark") -> Within Benchmark | V563: =INT(YEARFRAC(E563,TODAY())) -> 7 | W563: =_xlfn.IFS(Admissions[[#This Row],[Patients Age]]<18,"Paediatric",V563<40,"Young Adult",V563<65,"Adult",TRUE,"Senior") -> Paediatric
A564: 10846 | B564: Missing | C564: Sandra Achieng | D564: Female | E564: 37807 | F564: Internal Medicine | G564: Dr. Asante | H564: 45181 | I564: 45183 | J564: 2 | K564: 5573 | L564: No | M564: J44 | N564: Private | O564: Valid | P564: 2786.5 | Q564: Ok | R564: Tue | S564: Weekday | T564: =VLOOKUP(Admissions[[#This Row],[Department]],Departments!A:E,5,FALSE) -> 6000 | U564: =IF(K564>T564,"Above Benchmark","Within Benchmark") -> Within Benchmark | V564: =INT(YEARFRAC(E564,TODAY())) -> 23 | W564: =_xlfn.IFS(Admissions[[#This Row],[Patients Age]]<18,"Paediatric",V564<40,"Young Adult",V564<65,"Adult",TRUE,"Senior") -> Young Adult
A565: 12297 | B565: 4100 | C565: John Abdi | D565: Female | E565: 31642 | F565: Surgery | G565: Dr. Fischer | H565: 45299 | I565: 45305 | J565: 6 | K565: 14161 | L565: No | M565: K35 | N565: Public | O565: Valid | P565: 2360.1667 | Q565: Ok | R565: Mon | S565: Weekday | T565: =VLOOKUP(Admissions[[#This Row],[Department]],Departments!A:E,5,FALSE) -> 9000 | U565: =IF(K565>T565,"Above Benchmark","Within Benchmark") -> Above Benchmark | V565: =INT(YEARFRAC(E565,TODAY())) -> 39 | W565: =_xlfn.IFS(Admissions[[#This Row],[Patients Age]]<18,"Paediatric",V565<40,"Young Adult",V565<65,"Adult",TRUE,"Senior") -> Young Adult
A566: 15217 | B566: 3789 | C566: Peter Mugo | D566: Male | E566: 18507 | F566: Cardiology | G566: Dr. Kimani | H566: 45341 | I566: 45348 | J566: 7 | K566: 16489 | L566: Yes | M566: I21 | N566: Public | O566: Valid | P566: 2355.5714 | Q566: Ok | R566: Mon | S566: Weekday | T566: =VLOOKUP(Admissions[[#This Row],[Department]],Departments!A:E,5,FALSE) -> 8500 | U566: =IF(K566>T566,"Above Benchmark","Within Benchmark") -> Above Benchmark | V566: =INT(YEARFRAC(E566,TODAY())) -> 75 | W566: =_xlfn.IFS(Admissions[[#This Row],[Patients Age]]<18,"Paediatric",V566<40,"Young Adult",V566<65,"Adult",TRUE,"Senior") -> Senior
A567: 12147 | B567: 5589 | C567: Jessica Gacheru | D567: Male | E567: 28012 | F567: Surgery | G567: Dr. Fischer | H567: 45301 | I567: 45304 | J567: 3 | K567: 6796 | L567: Yes | M567: K80 | N567: Public | O567: Valid | P567: 2265.3333 | Q567: Ok | R567: Wed | S567: Weekday | T567: =VLOOKUP(Admissions[[#This Row],[Department]],Departments!A:E,5,FALSE) -> 9000 | U567: =IF(K567>T567,"Above Benchmark","Within Benchmark") -> Within Benchmark | V567: =INT(YEARFRAC(E567,TODAY())) -> 49 | W567: =_xlfn.IFS(Admissions[[#This Row],[Patients Age]]<18,"Paediatric",V567<40,"Young Adult",V567<65,"Adult",TRUE,"Senior") -> Adult
A568: 10559 | B568: 4093 | C568: Alice Hassan | D568: Male | E568: 32499 | F568: Oncology | G568: Dr. Osei | H568: 45479 | I568: 45488 | J568: 9 | K568: 30497 | L568: No | M568: C50 | N568: Private | O568: Valid | P568: 3388.5556 | Q568: Ok | R568: Sat | S568: Weekend | T568: =VLOOKUP(Admissions[[#This Row],[Department]],Departments!A:E,5,FALSE) -> 12000 | U568: =IF(K568>T568,"Above Benchmark","Within Benchmark") -> Above Benchmark | V568: =INT(YEARFRAC(E568,TODAY())) -> 37 | W568: =_xlfn.IFS(Admissions[[#This Row],[Patients Age]]<18,"Paediatric",V568<40,"Young Adult",V568<65,"Adult",TRUE,"Senior") -> Young Adult
A569: 11438 | B569: 5133 | C569: Dorothy Githinji | D569: Male | E569: 22559 | F569: Oncology | G569: Dr. Osei | H569: 45324 | I569: 45335 | J569: 11 | K569: 35046 | L569: No | M569: C50 | N569: Public | O569: Valid | P569: 3186 | Q569: Ok | R569: Fri | S569: Weekday | T569: =VLOOKUP(Admissions[[#This Row],[Department]],Departments!A:E,5,FALSE) -> 12000 | U569: =IF(K569>T569,"Above Benchmark","Within Benchmark") -> Above Benchmark | V569: =INT(YEARFRAC(E569,TODAY())) -> 64 | W569: =_xlfn.IFS(Admissions[[#This Row],[Patients Age]]<18,"Paediatric",V569<40,"Young Adult",V569<65,"Adult",TRUE,"Senior") -> Adult
A570: 12612 | B570: 3143 | C570: Jessica Maina | D570: Male | E570: 24296 | F570: Surgery | G570: Dr. Fischer | H570: 45589 | I570: 45597 | J570: 8 | K570: 21509 | L570: No | M570: C34 | N570: Private | O570: Valid | P570: 2688.625 | Q570: Ok | R570: Thu | S570: Weekday | T570: =VLOOKUP(Admissions[[#This Row],[Department]],Departments!A:E,5,FALSE) -> 9000 | U570: =IF(K570>T570,"Above Benchmark","Within Benchmark") -> Above Benchmark | V570: =INT(YEARFRAC(E570,TODAY())) -> 60 | W570: =_xlfn.IFS(Admissions[[#This Row],[Patients Age]]<18,"Paediatric",V570<40,"Young Adult",V570<65,"Adult",TRUE,"Senior") -> Adult
A571: 14344 | B571: 4244 | C571: Thomas Wambua | D571: Male | E571: 23466 | F571: Internal Medicine | G571: Dr. Nair | H571: 45439 | I571: 45444 | J571: 5 | K571: 6187 | L571: Yes | M571: E11 | N571: Public | O571: Valid | P571: 1237.4 | Q571: Ok | R571: Mon | S571: Weekday | T571: =VLOOKUP(Admissions[[#This Row],[Department]],Departments!A:E,5,FALSE) -> 6000 | U571: =IF(K571>T571,"Above Benchmark","Within Benchmark") -> Above Benchmark | V571: =INT(YEARFRAC(E571,TODAY())) -> 62 | W571: =_xlfn.IFS(Admissions[[#This Row],[Patients Age]]<18,"Paediatric",V571<40,"Young Adult",V571<65,"Adult",TRUE,"Senior") -> Adult
A572: 14091 | B572: 6247 | C572: Kevin Mwangi | D572: Male | E572: 22976 | F572: Emergency | G572: Dr. Otieno | H572: 45062 | I572: 45065 | J572: 3 | K572: 4669 | L572: No | M572: R51 | N572: Public | O572: Valid | P572: 1556.3333 | Q572: Ok | R572: Tue | S572: Weekday | T572: =VLOOKUP(Admissions[[#This Row],[Department]],Departments!A:E,5,FALSE) -> 5500 | U572: =IF(K572>T572,"Above Benchmark","Within Benchmark") -> Within Benchmark | V572: =INT(YEARFRAC(E572,TODAY())) -> 63 | W572: =_xlfn.IFS(Admissions[[#This Row],[Patients Age]]<18,"Paediatric",V572<40,"Young Adult",V572<65,"Adult",TRUE,"Senior") -> Adult
A573: 12478 | B573: 7079 | C573: James Mugo | D573: Female | E573: 35846 | F573: Emergency | G573: Dr. Otieno | H573: 45623 | I573: 45626 | J573: 3 | K573: 5826 | L573: No | M573: J18 | N573: Private | O573: Valid | P573: 1942 | Q573: Ok | R573: Wed | S573: Weekday | T573: =VLOOKUP(Admissions[[#This Row],[Department]],Departments!A:E,5,FALSE) -> 5500 | U573: =IF(K573>T573,"Above Benchmark","Within Benchmark") -> Above Benchmark | V573: =INT(YEARFRAC(E573,TODAY())) -> 28 | W573: =_xlfn.IFS(Admissions[[#This Row],[Patients Age]]<18,"Paediatric",V573<40,"Young Adult",V573<65,"Adult",TRUE,"Senior") -> Young Adult
A574: 11708 | B574: 3040 | C574: Alice Omondi | D574: Male | E574: 26384 | F574: Oncology | G574: Dr. Ruto | H574: 45339 | I574: 45349 | J574: 10 | K574: 26580 | L574: No | M574: C34 | N574: Uninsured | O574: Valid | P574: 2658 | Q574: Ok | R574: Sat | S574: Weekend | T574: =VLOOKUP(Admissions[[#This Row],[Department]],Departments!A:E,5,FALSE) -> 12000 | U574: =IF(K574>T574,"Above Benchmark","Within Benchmark") -> Above Benchmark | V574: =INT(YEARFRAC(E574,TODAY())) -> 54 | W574: =_xlfn.IFS(Admissions[[#This Row],[Patients Age]]<18,"Paediatric",V574<40,"Young Adult",V574<65,"Adult",TRUE,"Senior") -> Adult
A575: 11065 | B575: 4848 | C575: Susan Mohammed | D575: Female | E575: 36922 | F575: Cardiology | G575: Dr. Kimani | H575: 45273 | I575: 45275 | J575: 2 | K575: 6103 | L575: No | M575: I50 | N575: Private | O575: Valid | P575: 3051.5 | Q575: Ok | R575: Wed | S575: Weekday | T575: =VLOOKUP(Admissions[[#This Row],[Department]],Departments!A:E,5,FALSE) -> 8500 | U575: =IF(K575>T575,"Above Benchmark","Within Benchmark") -> Within Benchmark | V575: =INT(YEARFRAC(E575,TODAY())) -> 25 | W575: =_xlfn.IFS(Admissions[[#This Row],[Patients Age]]<18,"Paediatric",V575<40,"Young Adult",V575<65,"Adult",TRUE,"Senior") -> Young Adult
A576: 12688 | B576: 4646 | C576: Mark Githinji | D576: Female | E576: 22711 | F576: Emergency | G576: Dr. Hassan | H576: 45061 | I576: 45063 | J576: 2 | K576: 5110 | L576: Yes | M576: J18 | N576: Private | O576: Valid | P576: 2555 | Q576: Ok | R576: Mon | S576: Weekday | T576: =VLOOKUP(Admissions[[#This Row],[Department]],Departments!A:E,5,FALSE) -> 5500 | U576: =IF(K576>T576,"Above Benchmark","Within Benchmark") -> Within Benchmark | V576: =INT(YEARFRAC(E576,TODAY())) -> 64 | W576: =_xlfn.IFS(Admissions[[#This Row],[Patients Age]]<18,"Paediatric",V576<40,"Young Adult",V576<65,"Adult",TRUE,"Senior") -> Adult
... A609: 13853 | B609: 3901 | C609: James Mutua | D609: Male | E609: 27001 | F609: Surgery | G609: Dr. Fischer | H609: 45464 | I609: 45469 | J609: 5 | K609: 17414 | L609: No | M609: K35 | N609: Private | O609: Valid | P609: 3482.8 | Q609: Ok | R609: Fri | S609: Weekday | T609: =VLOOKUP(Admissions[[#This Row],[Department]],Departments!A:E,5,FALSE) -> 9000 | U609: =IF(K609>T609,"Above Benchmark","Within Benchmark") -> Above Benchmark | V609: =INT(YEARFRAC(E609,TODAY())) -> 52 | W609: =_xlfn.IFS(Admissions[[#This Row],[Patients Age]]<18,"Paediatric",V609<40,"Young Adult",V609<65,"Adult",TRUE,"Senior") -> Adult
A610: 14039 | B610: Missing | C610: Paul Korir | D610: Female | E610: 32062 | F610: Cardiology | G610: Dr. Torres | H610: 45517 | I610: 45521 | J610: 4 | K610: 8226 | L610: No | M610: I10 | N610: Private | O610: Valid | P610: 2056.5 | Q610: Ok | R610: Tue | S610: Weekday | T610: =VLOOKUP(Admissions[[#This Row],[Department]],Departments!A:E,5,FALSE) -> 8500 | U610: =IF(K610>T610,"Above Benchmark","Within Benchmark") -> Within Benchmark | V610: =INT(YEARFRAC(E610,TODAY())) -> 38 | W610: =_xlfn.IFS(Admissions[[#This Row],[Patients Age]]<18,"Paediatric",V610<40,"Young Adult",V610<65,"Adult",TRUE,"Senior") -> Young Adult
A611: 14763 | B611: 5780 | C611: Sarah Chebet | D611: Male | E611: 25377 | F611: Emergency | G611: Dr. Hassan | H611: 44934 | I611: 44935 | J611: 1 | K611: 5727 | L611: No | M611: S72 | N611: Private | O611: Valid | P611: 5727 | Q611: Ok | R611: Sun | S611: Weekend | T611: =VLOOKUP(Admissions[[#This Row],[Department]],Departments!A:E,5,FALSE) -> 5500 | U611: =IF(K611>T611,"Above Benchmark","Within Benchmark") -> Above Benchmark | V611: =INT(YEARFRAC(E611,TODAY())) -> 57 | W611: =_xlfn.IFS(Admissions[[#This Row],[Patients Age]]<18,"Paediatric",V611<40,"Young Adult",V611<65,"Adult",TRUE,"Senior") -> Adult
A612: 15363 | B612: 5399 | C612: Barbara Lagat | D612: Male | E612: 30718 | F612: Surgery | G612: Dr. Chen | H612: 45233 | I612: 45240 | J612: 7 | K612: 12818 | L612: No | M612: K80 | N612: Uninsured | O612: Valid | P612: 1831.1429 | Q612: Ok | R612: Fri | S612: Weekday | T612: =VLOOKUP(Admissions[[#This Row],[Department]],Departments!A:E,5,FALSE) -> 9000 | U612: =IF(K612>T612,"Above Benchmark","Within Benchmark") -> Above Benchmark | V612: =INT(YEARFRAC(E612,TODAY())) -> 42 | W612: =_xlfn.IFS(Admissions[[#This Row],[Patients Age]]<18,"Paediatric",V612<40,"Young Adult",V612<65,"Adult",TRUE,"Senior") -> Adult
A613: 11942 | B613: 4875 | C613: Barbara Ruto | D613: Female | E613: 26658 | F613: Emergency | G613: Dr. Hassan | H613: 45418 | I613: 45420 | J613: 2 | K613: 3510 | L613: No | M613: A09 | N613: Public | O613: Valid | P613: 1755 | Q613: Ok | R613: Mon | S613: Weekday | T613: =VLOOKUP(Admissions[[#This Row],[Department]],Departments!A:E,5,FALSE) -> 5500 | U613: =IF(K613>T613,"Above Benchmark","Within Benchmark") -> Within Benchmark | V613: =INT(YEARFRAC(E613,TODAY())) -> 53 | W613: =_xlfn.IFS(Admissions[[#This Row],[Patients Age]]<18,"Paediatric",V613<40,"Young Adult",V613<65,"Adult",TRUE,"Senior") -> Adult
A614: 14743 | B614: 3553 | C614: Steven Kariuki | D614: Female | E614: 29083 | F614: Orthopedics | G614: Dr. Mwangi | H614: 45050 | I614: 45056 | J614: 6 | K614: 9776 | L614: Yes | M614: M54 | N614: Private | O614: Valid | P614: 1629.3333 | Q614: Ok | R614: Thu | S614: Weekday | T614: =VLOOKUP(Admissions[[#This Row],[Department]],Departments!A:E,5,FALSE) -> 6800 | U614: =IF(K614>T614,"Above Benchmark","Within Benchmark") -> Above Benchmark | V614: =INT(YEARFRAC(E614,TODAY())) -> 46 | W614: =_xlfn.IFS(Admissions[[#This Row],[Patients Age]]<18,"Paediatric",V614<40,"Young Adult",V614<65,"Adult",TRUE,"Senior") -> Adult
A615: 15025 | B615: 5569 | C615: James Ngugi | D615: Male | E615: 31714 | F615: Emergency | G615: Dr. Hassan | H615: 44992 | I615: 44994 | J615: 2 | K615: 4064 | L615: No | M615: R51 | N615: Public | O615: Valid | P615: 2032 | Q615: Ok | R615: Tue | S615: Weekday | T615: =VLOOKUP(Admissions[[#This Row],[Department]],Departments!A:E,5,FALSE) -> 5500 | U615: =IF(K615>T615,"Above Benchmark","Within Benchmark") -> Within Benchmark | V615: =INT(YEARFRAC(E615,TODAY())) -> 39 | W615: =_xlfn.IFS(Admissions[[#This Row],[Patients Age]]<18,"Paediatric",V615<40,"Young Adult",V615<65,"Adult",TRUE,"Senior") -> Young Adult
A616: 11899 | B616: 6087 | C616: Kenneth Maina | D616: Female | E616: 44760 | F616: Pediatrics | G616: Dr. Korir | H616: 45195 | I616: 45197 | J616: 2 | K616: 2839 | L616: No | M616: A09 | N616: Public | O616: Valid | P616: 1419.5 | Q616: Ok | R616: Tue | S616: Weekday | T616: =VLOOKUP(Admissions[[#This Row],[Department]],Departments!A:E,5,FALSE) -> 4500 | U616: =IF(K616>T616,"Above Benchmark","Within Benchmark") -> Within Benchmark | V616: =INT(YEARFRAC(E616,TODAY())) -> 3 | W616: =_xlfn.IFS(Admissions[[#This Row],[Patients Age]]<18,"Paediatric",V616<40,"Young Adult",V616<65,"Adult",TRUE,"Senior") -> Paediatric
A617: 13442 | B617: 5762 | C617: Thomas Githinji | D617: Male | E617: 18039 | F617: Cardiology | G617: Dr. Kimani | H617: 45358 | I617: 45363 | J617: 5 | K617: 10688 | L617: No | M617: I10 | N617: Public | O617: Valid | P617: 2137.6 | Q617: Ok | R617: Thu | S617: Weekday | T617: =VLOOKUP(Admissions[[#This Row],[Department]],Departments!A:E,5,FALSE) -> 8500 | U617: =IF(K617>T617,"Above Benchmark","Within Benchmark") -> Above Benchmark | V617: =INT(YEARFRAC(E617,TODAY())) -> 77 | W617: =_xlfn.IFS(Admissions[[#This Row],[Patients Age]]<18,"Paediatric",V617<40,"Young Adult",V617<65,"Adult",TRUE,"Senior") -> Senior
A618: 12732 | B618: 6857 | C618: Aisha Omondi | D618: Female | E618: 32820 | F618: Cardiology | G618: Dr. Patel | H618: 45029 | I618: 45036 | J618: 7 | K618: 12488 | L618: Yes | M618: I10 | N618: Public | O618: Valid | P618: 1784 | Q618: Ok | R618: Thu | S618: Weekday | T618: =VLOOKUP(Admissions[[#This Row],[Department]],Departments!A:E,5,FALSE) -> 8500 | U618: =IF(K618>T618,"Above Benchmark","Within Benchmark") -> Above Benchmark | V618: =INT(YEARFRAC(E618,TODAY())) -> 36 | W618: =_xlfn.IFS(Admissions[[#This Row],[Patients Age]]<18,"Paediatric",V618<40,"Young Adult",V618<65,"Adult",TRUE,"Senior") -> Young Adult
A619: 14985 | B619: 5154 | C619: Thomas Wambua | D619: Female | E619: 27886 | F619: Internal Medicine | G619: Dr. Nair | H619: 45189 | I619: 45190 | J619: 1 | K619: 2891 | L619: No | M619: E11 | N619: Public | O619: Valid | P619: 2891 | Q619: Ok | R619: Wed | S619: Weekday | T619: =VLOOKUP(Admissions[[#This Row],[Department]],Departments!A:E,5,FALSE) -> 6000 | U619: =IF(K619>T619,"Above Benchmark","Within Benchmark") -> Within Benchmark | V619: =INT(YEARFRAC(E619,TODAY())) -> 50 | W619: =_xlfn.IFS(Admissions[[#This Row],[Patients Age]]<18,"Paediatric",V619<40,"Young Adult",V619<65,"Adult",TRUE,"Senior") -> Adult
A620: 15823 | B620: 4756 | C620: Ruth Ndung'U | D620: Female | E620: 40036 | F620: Pediatrics | G620: Dr. Korir | H620: 45597 | I620: 45600 | J620: 3 | K620: 3089 | L620: No | M620: Z38 | N620: Private | O620: Valid | P620: 1029.6667 | Q620: Ok | R620: Fri | S620: Weekday | T620: =VLOOKUP(Admissions[[#This Row],[Department]],Departments!A:E,5,FALSE) -> 4500 | U620: =IF(K620>T620,"Above Benchmark","Within Benchmark") -> Within Benchmark | V620: =INT(YEARFRAC(E620,TODAY())) -> 16 | W620: =_xlfn.IFS(Admissions[[#This Row],[Patients Age]]<18,"Paediatric",V620<40,"Young Adult",V620<65,"Adult",TRUE,"Senior") -> Paediatric
A621: 11687 | B621: 4409 | C621: Carol Mwangi | D621: Male | E621: 18704 | F621: Orthopedics | G621: Dr. Svensson | H621: 45155 | I621: 45163 | J621: 8 | K621: 8325 | L621: No | M621: M54 | N621: Public | O621: Valid | P621: 1040.625 | Q621: Ok | R621: Thu | S621: Weekday | T621: =VLOOKUP(Admissions[[#This Row],[Department]],Departments!A:E,5,FALSE) -> 6800 | U621: =IF(K621>T621,"Above Benchmark","Within Benchmark") -> Above Benchmark | V621: =INT(YEARFRAC(E621,TODAY())) -> 75 | W621: =_xlfn.IFS(Admissions[[#This Row],[Patients Age]]<18,"Paediatric",V621<40,"Young Adult",V621<65,"Adult",TRUE,"Senior") -> Senior
A622: 10392 | B622: 7174 | C622: Donna Mutua | D622: Female | E622: 24337 | F622: Cardiology | G622: Dr. Torres | H622: 44988 | I622: 44997 | J622: 9 | K622: 15974 | L622: Yes | M622: I50 | N622: Private | O622: Valid | P622: 1774.8889 | Q622: Ok | R622: Fri | S622: Weekday | T622: =VLOOKUP(Admissions[[#This Row],[Department]],Departments!A:E,5,FALSE) -> 8500 | U622: =IF(K622>T622,"Above Benchmark","Within Benchmark") -> Above Benchmark | V622: =INT(YEARFRAC(E622,TODAY())) -> 59 | W622: =_xlfn.IFS(Admissions[[#This Row],[Patients Age]]<18,"Paediatric",V622<40,"Young Adult",V622<65,"Adult",TRUE,"Senior") -> Adult
... A684: 15593 | B684: 4091 | C684: Karen Adhiambo | D684: Female | E684: 25368 | F684: Cardiology | G684: Dr. Kimani | H684: 45561 | I684: 45566 | J684: 5 | K684: 15302 | L684: Yes | M684: I21 | N684: Private | O684: Valid | P684: 3060.4 | Q684: Ok | R684: Thu | S684: Weekday | T684: =VLOOKUP(Admissions[[#This Row],[Department]],Departments!A:E,5,FALSE) -> 8500 | U684: =IF(K684>T684,"Above Benchmark","Within Benchmark") -> Above Benchmark | V684: =INT(YEARFRAC(E684,TODAY())) -> 57 | W684: =_xlfn.IFS(Admissions[[#This Row],[Patients Age]]<18,"Paediatric",V684<40,"Young Adult",V684<65,"Adult",TRUE,"Senior") -> Adult
A685: 15886 | B685: Missing | C685: Jessica Maina | D685: Male | E685: 33685 | F685: Orthopedics | G685: Dr. Svensson | H685: 45143 | I685: 45144 | J685: 1 | K685: 2803 | L685: No | M685: M54 | N685: Public | O685: Valid | P685: 2803 | Q685: Ok | R685: Sat | S685: Weekend | T685: =VLOOKUP(Admissions[[#This Row],[Department]],Departments!A:E,5,FALSE) -> 6800 | U685: =IF(K685>T685,"Above Benchmark","Within Benchmark") -> Within Benchmark | V685: =INT(YEARFRAC(E685,TODAY())) -> 34 | W685: =_xlfn.IFS(Admissions[[#This Row],[Patients Age]]<18,"Paediatric",V685<40,"Young Adult",V685<65,"Adult",TRUE,"Senior") -> Young Adult
A686: 14314 | B686: 3751 | C686: William Muigai | D686: Male | E686: 29359 | F686: Oncology | G686: Dr. Diallo | H686: 45555 | I686: 45556 | J686: 1 | K686: 12245 | L686: No | M686: C34 | N686: Uninsured | O686: Valid | P686: 12245 | Q686: Ok | R686: Fri | S686: Weekday | T686: =VLOOKUP(Admissions[[#This Row],[Department]],Departments!A:E,5,FALSE) -> 12000 | U686: =IF(K686>T686,"Above Benchmark","Within Benchmark") -> Above Benchmark | V686: =INT(YEARFRAC(E686,TODAY())) -> 46 | W686: =_xlfn.IFS(Admissions[[#This Row],[Patients Age]]<18,"Paediatric",V686<40,"Young Adult",V686<65,"Adult",TRUE,"Senior") -> Adult
...

Sheet Departments
A1: Department_Name | B1: Dept_ID | C1: Department_Type | D1: Head_Doctor | E1: Cost_Benchmark
A2: Cardiology | B2: 1 | C2: Inpatient | D2: Dr. Patel | E2: 8500
A3: Emergency | B3: 2 | C3: Emergency | D3: Dr. Hassan | E3: 5500
A4: Surgery | B4: 3 | C4: Inpatient | D4: Dr. Chen | E4: 9000
A5: Oncology | B5: 4 | C5: Inpatient | D5: Dr. Osei | E5: 12000
A6: Neurology | B6: 5 | C6: Inpatient | D6: Dr. Andersen | E6: 7200
A7: Orthopedics | B7: 6 | C7: Inpatient | D7: Dr. Mwangi | E7: 6800
A8: Pediatrics | B8: 7 | C8: Outpatient | D8: Dr. Korir | E8: 4500
A9: Internal Medicine | B9: 8 | C9: Outpatient | D9: Dr. Nair | E9: 6000

Sheet Analysis
A1: Total Admissions | B1: Average LOS | C1: Total Cost | D1: Cost Per Patient | E1: Total Readmissions | F1: Readmission % | J1: Department_Name | K1: Total Cost | L1: Average LOS | P1: Department_Name | Q1: Readmission % | S1: Department_Name | T1: Readmission %
A2: 366 | B2: 5.5191257 | C2: 2922959 | D2: 7986.2268 | E2: 33 | F2: 0.090163934 | J2: Cardiology | K2: 8078433 | L2: 5.7863105 | P2: Cardiology | Q2: 0.1903172 | S2: =INDEX($P$2:$P$9,MATCH(T2,$Q$2:$Q$9,0)) -> Cardiology | T2: =LARGE($Q$2:$Q$9,ROWS(F$2:F2)) -> 0.1903172
J3: Emergency | K3: 3326011 | L3: 2.4452555 | P3: Emergency | Q3: 0.14233577 | S3: =INDEX($P$2:$P$9,MATCH(T3,$Q$2:$Q$9,0)) -> Emergency | T3: =LARGE($Q$2:$Q$9,ROWS(F$2:F3)) -> 0.14233577
J4: Internal Medicine | K4: 3280914 | L4: 4.1616766 | P4: Internal Medicine | Q4: 0.080838323 | S4: =INDEX($P$2:$P$9,MATCH(T4,$Q$2:$Q$9,0)) -> Oncology | T4: =LARGE($Q$2:$Q$9,ROWS(F$2:F4)) -> 0.095808383
J5: Neurology | K5: 2446024 | L5: 5.0169492 | P5: Neurology | Q5: 0.084745763 | S5: =INDEX($P$2:$P$9,MATCH(T5,$Q$2:$Q$9,0)) -> Surgery | T5: =LARGE($Q$2:$Q$9,ROWS(F$2:F5)) -> 0.094567404
J6: Oncology | K6: 8927680 | L6: 8.0209581 | P6: Oncology | Q6: 0.095808383 | S6: =INDEX($P$2:$P$9,MATCH(T6,$Q$2:$Q$9,0)) -> Orthopedics | T6: =LARGE($Q$2:$Q$9,ROWS(F$2:F6)) -> 0.090163934
J7: Orthopedics | K7: 2922959 | L7: 5.5191257 | P7: Orthopedics | Q7: 0.090163934
A8: Department_Name | B8: Readmission % | J8: Pediatrics | K8: 2816203 | L8: 2.8096886 | P8: Pediatrics | Q8: 0.076124567
A9: Pediatrics | B9: 0.076124567 | J9: Surgery | K9: 9339917 | L9: 6.8853119 | P9: Surgery | Q9: 0.094567404
A10: Internal Medicine | B10: 0.080838323
A11: Neurology | B11: 0.084745763
A12: Orthopedics | B12: 0.090163934 | J12: Department_Type | K12: Total Admissions | P12: DATE | Q12: =TODAY() -> 46211
A13: Surgery | B13: 0.094567404 | J13: Emergency | K13: 548
A14: Oncology | B14: 0.095808383 | J14: Inpatient | K14: 2091
A15: Emergency | B15: 0.14233577 | J15: Outpatient | K15: 623
A16: Cardiology | B16: 0.1903172
A20: Month Name | B20: Total Admissions
A21: Jan | B21: 32
A22: Feb | B22: 25
A23: Mar | B23: 31
A24: Apr | B24: 33
A25: May | B25: 25
A26: Jun | B26: 36
A27: Jul | B27: 25
A28: Sep | B28: 32
A29: Oct | B29: 48
A30: Nov | B30: 48
A31: Dec | B31: 31

Sheet Dashboard
P24: Department name | Q24: Readmission %
P25: =Analysis!S2 -> Cardiology | Q25: =Analysis!T2 -> 0.1903172
P26: =Analysis!S3 -> Emergency | Q26: =Analysis!T3 -> 0.14233577
P27: =Analysis!S4 -> Oncology | Q27: =Analysis!T4 -> 0.095808383
P28: =Analysis!S5 -> Surgery | Q28: =Analysis!T5 -> 0.094567404
P29: =Analysis!S6 -> Orthopedics | Q29: =Analysis!T6 -> 0.090163934
